config,model,weighting,lambda_amp,donor,RMSE,MAPE,shape_MSE,SARIMA_RMSE,baseline_RMSE,improvement_vs_sarima_pct,improvement_vs_baseline_pct,a_transfer,fold_RMSE_std,mean_abs_log_amplitude,max_abs_log_amplitude
Model_A_weighted_lam0.001,Model_A,weighted,0.001,QAT,207.7332482716868,4.184292145840424,0.20077210783752478,286.19870650076246,152.45509673527707,27.416426575941433,-36.2586444928074,0.07993387373594137,1250.4370984090797,2.5264337062835693,2.527092695236206
Model_A_weighted_lam0.01,Model_A,weighted,0.01,QAT,470.39326614450687,8.18812565301943,0.33609152991300134,286.19870650076246,152.45509673527707,-64.35897698344549,-208.5454512296807,0.18522512110380027,6355.555889423866,1.6791311204433441,1.6984894275665283
Model_A_weighted_lam0.1,Model_A,weighted,0.1,QAT,1011.7216083106017,16.994202722175554,0.17531291147461406,286.19870650076246,152.45509673527707,-253.5032078518169,-563.6194066160704,0.4802467960577744,5014.7082731526925,0.7311736941337585,0.7373861074447632
Model_A_weighted_lam1.0,Model_A,weighted,1.0,QAT,1457.3991429484756,30.504054002160913,0.9917522564681892,286.19870650076246,152.45509673527707,-409.22632068031135,-855.9530472628952,0.7632055832789495,17181.51961639253,0.26841795444488525,0.27375492453575134
Model_A_weighted_lam10.0,Model_A,weighted,10.0,QAT,819.0776391247247,14.232271975978424,0.5561066042465285,286.19870650076246,152.45509673527707,-186.1919430521754,-437.258285662283,0.27340704890397877,13793.471483197824,1.2967481315135956,1.2968746423721313
Model_A_uniform_lam0.001,Model_A,uniform,0.001,QAT,478.7610116531487,8.30522216306054,0.33663910444762174,286.19870650076246,152.45509673527707,-67.28273076659531,-214.03411358852043,0.19363712891936302,951.543166477551,1.6417724192142487,1.6444567441940308
Model_A_uniform_lam0.01,Model_A,uniform,0.01,QAT,395.0319451359489,6.822241800930088,0.2642934831413521,286.19870650076246,152.45509673527707,-38.0271595095055,-159.11363647086336,0.1790364868938923,5158.992069508266,1.7201656699180603,1.7201664447784424
Model_A_uniform_lam0.1,Model_A,uniform,0.1,QAT,914.085070232817,19.314573497353418,1.0466237014474478,286.19870650076246,152.45509673527707,-219.38826048830583,-499.5765899647381,0.4019455760717392,9529.903022067327,0.9114391058683395,0.9126715660095215
Model_A_uniform_lam1.0,Model_A,uniform,1.0,QAT,1095.9821509486512,24.898462691118382,1.973574310970326,286.19870650076246,152.45509673527707,-282.9444808988791,-618.8884953132882,0.26426972448825836,6693.8448199312315,1.3307850062847137,1.3307851552963257
Model_A_uniform_lam10.0,Model_A,uniform,10.0,QAT,1142.8514817980379,21.34401308662078,0.9697853203202623,286.19870650076246,152.45509673527707,-299.32098078682026,-649.6315349709065,0.4054814651608467,28469.188203887632,0.9026800990104675,0.902684211730957
Model_B_weighted_lam0.001,Model_B,weighted,0.001,QAT,184.13384763576497,3.0535118951776035,0.12167416845972678,286.19870650076246,152.45509673527707,35.662236252883126,-20.779069758156304,0.09778673488360184,1512.813063989642,2.323886811733246,2.3280422687530518
Model_B_weighted_lam0.01,Model_B,weighted,0.01,QAT,503.540999391348,10.597411617736501,0.9764380143755463,286.19870650076246,152.45509673527707,-75.94104653649319,-230.28807181546463,0.14774469228891227,4159.25438358484,1.9109682738780975,1.9153625965118408
Model_B_weighted_lam0.1,Model_B,weighted,0.1,QAT,1570.0337336600514,35.09016135401897,0.1134521015079289,286.19870650076246,152.45509673527707,-448.5817014535908,-929.8335492097434,0.5160195735784677,11970.796497579391,0.6616106033325195,0.6616107821464539
Model_B_weighted_lam1.0,Model_B,weighted,1.0,QAT,1145.4819018928383,16.370816519228615,0.25880675289829624,286.19870650076246,152.45509673527707,-300.240069530079,-651.3569086390416,0.3624622592559228,10984.29105605943,1.0148344039916992,1.0148358345031738
Model_B_weighted_lam10.0,Model_B,weighted,10.0,QAT,441.63398943132574,9.235218411168477,0.11436749859107853,286.19870650076246,152.45509673527707,-54.31026744705053,-189.68135463400003,0.21516066904251394,3504.0795148654274,1.5362907648086548,1.5365025997161865
Model_B_uniform_lam0.001,Model_B,uniform,0.001,QAT,228.3021121594706,3.9527881844017543,0.19578608219600024,286.19870650076246,152.45509673527707,20.229509437401187,-49.75039670591941,0.0964881032705307,1179.3055519620902,2.3383361101150513,2.3401265144348145
Model_B_uniform_lam0.01,Model_B,uniform,0.01,QAT,411.9835337564307,6.706548623239043,0.18766628359387252,286.19870650076246,152.45509673527707,-43.95017321831716,-170.23270627140704,0.24877341464161873,3647.5150315202454,1.3912129998207092,1.3920656442642212
Model_B_uniform_lam0.1,Model_B,uniform,0.1,QAT,849.6245914193819,17.739969506257683,0.1385140134869893,286.19870650076246,152.45509673527707,-196.86528000332467,-457.2949738077104,0.3650439977645874,11087.76600059581,1.007737398147583,1.0077378749847412
Model_B_uniform_lam1.0,Model_B,uniform,1.0,QAT,371.7275168692922,7.283461892999769,0.10182997344476445,286.19870650076246,152.45509673527707,-29.88441541691659,-143.8275432108115,0.20740004628896713,2986.06157440099,1.5731057524681091,1.5731087923049927
Model_B_uniform_lam10.0,Model_B,uniform,10.0,QAT,256.963176535971,3.8357429017822353,0.18607391211228005,286.19870650076246,152.45509673527707,10.215116036771315,-68.55007280088621,0.11261571757495403,8063.955640723435,2.183773994445801,2.1840243339538574
Model_C_weighted_lam0.001,Model_C,weighted,0.001,QAT,141.12169261387203,2.443068561145367,0.133205936436238,286.19870650076246,152.45509673527707,50.69100963477064,7.433929310401707,0.07009352113191898,676.5367138652211,2.6574555039405823,2.6589930057525635
Model_C_weighted_lam0.01,Model_C,weighted,0.01,QAT,304.58055746133147,5.958754301375848,0.35542335828498595,286.19870650076246,152.45509673527707,-6.422758224632312,-99.78378157484951,0.10152037728291291,5958.551517807728,2.287498652935028,2.287506580352783
Model_C_weighted_lam0.1,Model_C,weighted,0.1,QAT,359.4776799969889,6.329913685740498,0.23998425906097376,286.19870650076246,152.45509673527707,-25.604229450293214,-135.79249739428897,0.18148987224468818,4119.292346444265,1.7065578997135162,1.7065637111663818
Model_C_weighted_lam1.0,Model_C,weighted,1.0,QAT,639.7422633946444,11.120238998833564,0.7194342624470186,286.19870650076246,152.45509673527707,-123.53080180428422,-319.62668162251896,0.19742286778413332,3035.5986785994396,1.6224097907543182,1.622421383857727
Model_C_weighted_lam10.0,Model_C,weighted,10.0,QAT,209.77977948335192,3.5885230707357296,0.1461148422898367,286.19870650076246,152.45509673527707,26.701353039555737,-37.60102743407352,0.11764759914233135,2695.5430525402244,2.139962613582611,2.140256881713867
Model_C_uniform_lam0.001,Model_C,uniform,0.001,QAT,132.20207246914654,2.4686375965820884,0.1179451949116539,286.19870650076246,152.45509673527707,53.80759260391893,13.2845832640793,0.07127477042376995,1395.6655510857693,2.6412129998207092,2.641751766204834
Model_C_uniform_lam0.01,Model_C,uniform,0.01,QAT,311.47823182190615,6.621589148695108,1.3917072896271783,286.19870650076246,152.45509673527707,-8.83285799234608,-104.30817892743643,0.016549752093851566,1345.7663304114694,4.101384162902832,4.101390838623047
Model_C_uniform_lam0.1,Model_C,uniform,0.1,QAT,1187.7214516032666,21.355719002435748,0.2071615458107946,286.19870650076246,152.45509673527707,-314.9988887528751,-679.0631320549587,0.33931639790534973,4328.657489585956,1.0808222591876984,1.0808240175247192
Model_C_uniform_lam1.0,Model_C,uniform,1.0,QAT,1469.1033933909987,32.80429235677932,2.005327172860476,286.19870650076246,152.45509673527707,-413.3158746079396,-863.6302261130364,0.37618762999773026,8914.596731914096,0.9776672571897507,0.9776677489280701
Model_C_uniform_lam10.0,Model_C,uniform,10.0,QAT,1063.6209762040794,24.122763005926785,1.9186368123618915,286.19870650076246,152.45509673527707,-271.63724085568003,-597.6618027083413,0.2530220299959183,3498.5187781564664,1.3742787539958954,1.3742825984954834
Model_A_weighted_lam0.001,Model_A,weighted,0.001,EGY,824.4489076333067,4.19338234707144,0.22505187265311244,505.52449107628684,1048.0907244490409,-63.087827036433765,21.338020802855397,0.12904511019587517,1250.4370984090797,2.0391279458999634,2.0589232444763184
Model_A_weighted_lam0.01,Model_A,weighted,0.01,EGY,1723.1767252639286,9.913948143370076,0.37077298086999505,505.52449107628684,1048.0907244490409,-240.86908857673728,-64.41102712456177,0.18169226497411728,6355.555889423866,1.6952666938304901,1.7179741859436035
Model_A_weighted_lam0.1,Model_A,weighted,0.1,EGY,7004.2233292869505,38.878536855706166,0.2714939406152039,505.52449107628684,1048.0907244490409,-1285.5359043781657,-568.2840679626206,0.47138350643217564,5014.7082731526925,0.7520833015441895,0.752083420753479
Model_A_weighted_lam1.0,Model_A,weighted,1.0,EGY,2555.0957418473167,13.312259170560337,1.03963534045534,505.52449107628684,1048.0907244490409,-405.43461038008087,-143.785741276403,0.2257557800039649,17181.51961639253,1.4883000254631042,1.488303542137146
Model_A_weighted_lam10.0,Model_A,weighted,10.0,EGY,1830.8633189078855,9.27759757677122,0.3063531770735204,505.52449107628684,1048.0907244490409,-262.17104239794327,-74.68557599060249,0.19817547220736742,13793.471483197824,1.6184000372886658,1.6188355684280396
Model_A_uniform_lam0.001,Model_A,uniform,0.001,EGY,1923.1694917728266,10.834077504666565,0.8999816836216573,505.52449107628684,1048.0907244490409,-280.43052823777197,-83.4926544916993,0.17996229231357574,951.543166477551,1.71500825881958,1.7162734270095825
Model_A_uniform_lam0.01,Model_A,uniform,0.01,EGY,1546.6030849458398,8.714100803203383,0.8161026176463068,505.52449107628684,1048.0907244490409,-205.94028820503726,-47.56385576819758,0.15241755172610283,5158.992069508266,1.8811318278312683,1.882202386856079
Model_A_uniform_lam0.1,Model_A,uniform,0.1,EGY,3101.8920533076875,16.84668956445665,1.1381084528158953,505.52449107628684,1048.0907244490409,-513.5987688160478,-195.9564454630859,0.30665047466754913,9529.903022067327,1.1820467114448547,1.182046890258789
Model_A_uniform_lam1.0,Model_A,uniform,1.0,EGY,7837.252871257753,45.874869031781756,0.45159096507067303,505.52449107628684,1048.0907244490409,-1450.3211040422298,-647.7647391047784,0.43423745036125183,6693.8448199312315,0.8341637849807739,0.8341638445854187
Model_A_uniform_lam10.0,Model_A,uniform,10.0,EGY,5595.7194402906025,30.18875003074485,1.088946765362915,505.52449107628684,1048.0907244490409,-1006.913619234755,-433.8964757303957,0.7046415954828262,28469.188203887632,0.3500659614801407,0.350066214799881
Model_B_weighted_lam0.001,Model_B,weighted,0.001,EGY,701.0253442413673,3.656179979046951,0.29293108410079355,505.52449107628684,1048.0907244490409,-38.672874730331934,33.11405893703701,0.08137433975934982,1512.813063989642,2.498780071735382,2.5216715335845947
Model_B_weighted_lam0.01,Model_B,weighted,0.01,EGY,2260.729238498762,11.62640825740224,0.3043570281299035,505.52449107628684,1048.0907244490409,-347.20469104979594,-115.69976584681439,0.21617922745645046,4159.25438358484,1.5316496789455414,1.5316541194915771
Model_B_weighted_lam0.1,Model_B,weighted,0.1,EGY,5683.035917401013,33.20485726399073,0.3835640396380073,505.52449107628684,1048.0907244490409,-1024.186071638497,-442.2274794377619,0.34715033508837223,11970.796497579391,1.0554204285144806,1.0610742568969727
Model_B_weighted_lam1.0,Model_B,weighted,1.0,EGY,6888.152814301373,35.76345464828376,0.3493825840711576,505.52449107628684,1048.0907244490409,-1262.5754905832857,-557.2095958508105,0.4664010386914015,10984.29105605943,0.762708991765976,0.7627098560333252
Model_B_weighted_lam10.0,Model_B,weighted,10.0,EGY,4435.154109712608,24.549437884279225,1.2573639572712751,505.52449107628684,1048.0907244490409,-777.3371395458892,-323.16509499156905,0.39012446254491806,3504.0795148654274,0.9412744492292404,0.9413077235221863
Model_B_uniform_lam0.001,Model_B,uniform,0.001,EGY,605.7323978483781,2.90570965428487,0.5155928097928378,505.52449107628684,1048.0907244490409,-19.82256221825053,42.206110242336244,0.06106147728860378,1179.3055519620902,2.7958741784095764,2.796323299407959
Model_B_uniform_lam0.01,Model_B,uniform,0.01,EGY,2836.4552734362383,14.603164870800539,0.21460133484779512,505.52449107628684,1048.0907244490409,-461.09156401053565,-170.63070088014592,0.29222365468740463,3647.5150315202454,1.2302358448505402,1.2302360534667969
Model_B_uniform_lam0.1,Model_B,uniform,0.1,EGY,3258.161545387039,17.286226478084856,0.9716098900358371,505.52449107628684,1048.0907244490409,-544.5111172458235,-210.86636580051655,0.38943100720643997,11087.76600059581,0.9430685788393021,0.9433096647262573
Model_B_uniform_lam1.0,Model_B,uniform,1.0,EGY,3909.686410656829,19.72301317306496,0.3976495558945834,505.52449107628684,1048.0907244490409,-673.3920867677275,-273.029387576354,0.3754154294729233,2986.06157440099,0.9797220379114151,0.979723334312439
Model_B_uniform_lam10.0,Model_B,uniform,10.0,EGY,1266.9816456831143,6.391191057523939,0.5313802701550266,505.52449107628684,1048.0907244490409,-150.6271541831034,-20.88473031274461,0.16585759446024895,8063.955640723435,1.7966257333755493,1.7968530654907227
Model_C_weighted_lam0.001,Model_C,weighted,0.001,EGY,717.8913523503682,3.7138532708590266,0.3081261870377548,505.52449107628684,1048.0907244490409,-42.00921320783919,31.50484632637614,0.08568382682278752,676.5367138652211,2.455612063407898,2.4587578773498535
Model_C_weighted_lam0.01,Model_C,weighted,0.01,EGY,1941.4240941324008,10.790302721087947,1.2620167975126846,505.52449107628684,1048.0907244490409,-284.0415505881846,-85.2343550843813,0.14765690173953772,5958.551517807728,1.9128698706626892,1.9128817319869995
Model_C_weighted_lam0.1,Model_C,weighted,0.1,EGY,535.296390198893,2.8172542372110634,0.3930783595087601,505.52449107628684,1048.0907244490409,-5.889308954986603,48.92652155849513,0.05362897366285324,4119.292346444265,2.92567777633667,2.9256997108459473
Model_C_weighted_lam1.0,Model_C,weighted,1.0,EGY,613.912405727867,2.9333324718574,0.6972270482993089,505.52449107628684,1048.0907244490409,-21.44068518239679,41.42564270372798,0.02338675782084465,3035.5986785994396,3.7556050419807434,3.7556426525115967
Model_C_weighted_lam10.0,Model_C,weighted,10.0,EGY,815.7753882925495,4.284039540114675,0.2922706419486058,505.52449107628684,1048.0907244490409,-61.37208042200349,22.165575053496887,0.09518717555329204,2695.5430525402244,2.351916253566742,2.3520381450653076
Model_C_uniform_lam0.001,Model_C,uniform,0.001,EGY,814.184363422205,4.382127285450603,0.32157723653669246,505.52449107628684,1048.0907244490409,-61.05735286707197,22.317377262335324,0.09186030365526676,1395.6655510857693,2.387486517429352,2.388427257537842
Model_C_uniform_lam0.01,Model_C,uniform,0.01,EGY,567.2909089054583,2.911484733157446,0.30422536659322935,505.52449107628684,1048.0907244490409,-12.218283964376818,45.87387373324278,0.0716538093984127,1345.7663304114694,2.6359089612960815,2.6359128952026367
Model_C_uniform_lam0.1,Model_C,uniform,0.1,EGY,510.67454789007985,2.576974913202375,0.31572329291296986,505.52449107628684,1048.0907244490409,-1.0187551552306173,51.27573062355546,0.061264594085514545,4328.657489585956,2.792553186416626,2.7925617694854736
Model_C_uniform_lam1.0,Model_C,uniform,1.0,EGY,885.6108667076335,4.188376409049763,0.2002572301486257,505.52449107628684,1048.0907244490409,-75.18654038345873,15.50246118501045,0.14721626043319702,8914.596731914096,1.9158526360988617,1.9158577919006348
Model_C_uniform_lam10.0,Model_C,uniform,10.0,EGY,1568.4718513837809,8.81784614461359,0.761858162271353,505.52449107628684,1048.0907244490409,-210.26624408333333,-49.650389493552034,0.18191733583807945,3498.5187781564664,1.7042028903961182,1.7042652368545532
Model_A_weighted_lam0.001,Model_A,weighted,0.001,RUS,2133.2078731192896,2.157221449925058,0.07762728424725933,4504.2538921072555,2186.946061975524,52.64015030641853,2.457225159348074,0.07289365778366724,1250.4370984090797,2.6138099431991577,2.6258182525634766
Model_A_weighted_lam0.01,Model_A,weighted,0.01,RUS,15213.5599294291,14.220487499904758,0.9797518458382086,4504.2538921072555,2186.946061975524,-237.75982202263552,-595.6531847743105,0.26994448105494184,6355.555889423866,1.3095393478870392,1.3095401525497437
Model_A_weighted_lam0.1,Model_A,weighted,0.1,RUS,12520.234285616814,11.252910830561481,0.5014858511745347,4504.2538921072555,2186.946061975524,-177.96466596955946,-472.4985404672929,0.22272748053073882,5014.7082731526925,1.501806616783142,1.5018075704574585
Model_A_weighted_lam1.0,Model_A,weighted,1.0,RUS,40910.93750725219,34.64430531582831,0.5916373712804778,4504.2538921072555,2186.946061975524,-808.2733453134132,-1770.6879981436896,0.6489671945571899,17181.51961639253,0.4323727935552597,0.4323735535144806
Model_A_weighted_lam10.0,Model_A,weighted,10.0,RUS,32643.272127201915,35.291256901424475,2.001101537876539,4504.2538921072555,2186.946061975524,-624.7209617646618,-1392.6418485929378,0.4840014298756917,13793.471483197824,0.7256622016429901,0.7256754636764526
Model_A_uniform_lam0.001,Model_A,uniform,0.001,RUS,2404.94474061708,1.9291673638111204,0.1397067193207039,4504.2538921072555,2186.946061975524,46.60725620215963,-9.96817811064951,0.06657079234719276,951.543166477551,2.709489643573761,2.7105963230133057
Model_A_uniform_lam0.01,Model_A,uniform,0.01,RUS,12470.969250193843,10.08256725406059,0.21000716141445386,4504.2538921072555,2186.946061975524,-176.8709213316451,-470.2458541171563,0.24245235323905945,5158.992069508266,1.4169508814811707,1.418766736984253
Model_A_uniform_lam0.1,Model_A,uniform,0.1,RUS,23094.5153077954,21.123214301350533,1.265683827391001,4504.2538921072555,2186.946061975524,-412.72676587489025,-956.0166850632581,0.44562072306871414,9529.903022067327,0.8082870990037918,0.8082872629165649
Model_A_uniform_lam1.0,Model_A,uniform,1.0,RUS,16900.938566076886,13.433242645960211,0.3758253537859482,4504.2538921072555,2186.946061975524,-275.2217119841352,-672.8100322149618,0.340811163187027,6693.8448199312315,1.0764267146587372,1.0764275789260864
Model_A_uniform_lam10.0,Model_A,uniform,10.0,RUS,66841.92730083651,71.40169847775991,0.15952078489353586,4504.2538921072555,2186.946061975524,-1383.9733483488296,-2956.4049321114253,0.6628120243549347,28469.188203887632,0.4112638160586357,0.41126421093940735
Model_B_weighted_lam0.001,Model_B,weighted,0.001,RUS,3748.075860719401,3.058485290212289,0.1792686855016565,4504.2538921072555,2186.946061975524,16.788086317978106,-71.38401014488984,0.08886299431324005,1512.813063989642,2.4163259863853455,2.4278788566589355
Model_B_weighted_lam0.01,Model_B,weighted,0.01,RUS,10278.216922481657,8.997068647334732,0.9011005904425189,4504.2538921072555,2186.946061975524,-128.18911119757348,-369.98035759496884,0.17182906667391462,4159.25438358484,1.759303092956543,1.7646371126174927
Model_B_weighted_lam0.1,Model_B,weighted,0.1,RUS,29600.279193204064,24.39153901769646,0.5011371202310212,4504.2538921072555,2186.946061975524,-557.1627599650242,-1253.4983650426832,0.5062606692314148,11970.796497579391,0.680703654885292,0.6807039976119995
Model_B_weighted_lam1.0,Model_B,weighted,1.0,RUS,26570.072384788084,25.983651315595296,1.143677952799737,4504.2538921072555,2186.946061975524,-489.8884259465584,-1114.9395381423656,0.5732708811759949,10984.29105605943,0.5563964992761612,0.556397557258606
Model_B_weighted_lam10.0,Model_B,weighted,10.0,RUS,8495.28741372569,8.169176201220347,0.9542994542880371,4504.2538921072555,2186.946061975524,-88.60587385209055,-288.45436389280127,0.11580897867679597,3504.0795148654274,2.155568540096283,2.156316041946411
Model_B_uniform_lam0.001,Model_B,uniform,0.001,RUS,2973.8570327659336,1.9265493943662813,0.11695715328896972,4504.2538921072555,2186.946061975524,33.97670060346767,-35.98218467626827,0.08884941972792149,1179.3055519620902,2.4208149313926697,2.422971248626709
Model_B_uniform_lam0.01,Model_B,uniform,0.01,RUS,9115.006336928598,9.697285348877042,0.14202690077637392,4504.2538921072555,2186.946061975524,-102.36439941586559,-316.7915476019916,0.15489742904901505,3647.5150315202454,1.8649925589561462,1.86643648147583
Model_B_uniform_lam0.1,Model_B,uniform,0.1,RUS,26696.308898421306,21.986700332310626,0.2497686464700535,4504.2538921072555,2186.946061975524,-492.6910324748988,-1120.7118119001916,0.4400363117456436,11087.76600059581,0.8208980858325958,0.8213596940040588
Model_B_uniform_lam1.0,Model_B,uniform,1.0,RUS,6824.085122142256,6.005394495052868,0.3991134480283576,4504.2538921072555,2186.946061975524,-51.50311873182838,-212.03719381985516,0.12283579260110855,2986.06157440099,2.096906840801239,2.096909761428833
Model_B_uniform_lam10.0,Model_B,uniform,10.0,RUS,15079.815089638996,16.411068063371822,1.7271171295511774,4504.2538921072555,2186.946061975524,-234.79052137942662,-589.5375863096053,0.17952770739793777,8063.955640723435,1.7174257338047028,1.7174499034881592
Model_C_weighted_lam0.001,Model_C,weighted,0.001,RUS,1719.8540677894043,1.4671905584428886,0.10435587438401449,4504.2538921072555,2186.946061975524,61.81711535393061,21.35818538497395,0.06725014001131058,676.5367138652211,2.6983489394187927,2.700470209121704
Model_C_weighted_lam0.01,Model_C,weighted,0.01,RUS,14244.771065823114,12.717144399240246,0.40910488103378034,4504.2538921072555,2186.946061975524,-216.25151261530874,-551.354476157288,0.2741566320260366,5958.551517807728,1.2940590381622314,1.294066309928894
Model_C_weighted_lam0.1,Model_C,weighted,0.1,RUS,9676.637971033844,10.464314274520738,1.4740442484072354,4504.2538921072555,2186.946061975524,-114.83331541301631,-342.4726397821028,0.09882110406955083,4119.292346444265,2.314453363418579,2.3144712448120117
Model_C_weighted_lam1.0,Model_C,weighted,1.0,RUS,7321.502477305261,7.120945939690906,1.1121802655070663,4504.2538921072555,2186.946061975524,-62.54639841982782,-234.7820325614963,0.07312668661276499,3035.5986785994396,2.615569233894348,2.6155855655670166
Model_C_weighted_lam10.0,Model_C,weighted,10.0,RUS,6513.670026804258,5.752978579302372,0.33906176784969677,4504.2538921072555,2186.946061975524,-44.61152019467809,-197.84319513213296,0.13737836182117463,2695.5430525402244,1.9848138093948364,1.9853161573410034
Model_C_uniform_lam0.001,Model_C,uniform,0.001,RUS,3469.1598532229673,3.15227206377249,0.2242882956410275,4504.2538921072555,2186.946061975524,22.98036619778627,-58.630334489785575,0.062459261156618595,1395.6655510857693,2.773240804672241,2.773595094680786
Model_C_uniform_lam0.01,Model_C,uniform,0.01,RUS,3351.8281868117037,2.55034414780476,0.13565860229680834,4504.2538921072555,2186.946061975524,25.585274118648865,-53.265242572279625,0.09262321330606937,1345.7663304114694,2.3792154788970947,2.3792171478271484
Model_C_uniform_lam0.1,Model_C,uniform,0.1,RUS,10407.95881550778,9.27271286206341,0.8681426685674051,4504.2538921072555,2186.946061975524,-131.06954147823478,-375.91291785705977,0.17966295778751373,4328.657489585956,1.7166726291179657,1.7166774272918701
Model_C_uniform_lam1.0,Model_C,uniform,1.0,RUS,21330.904605302047,23.143912944993243,1.869752772995142,4504.2538921072555,2186.946061975524,-373.572429890773,-875.3740604847518,0.27590537816286087,8914.596731914096,1.2876973152160645,1.2876986265182495
Model_C_uniform_lam10.0,Model_C,uniform,10.0,RUS,8703.520702630482,8.77442833234075,0.17812242540271564,4504.2538921072555,2186.946061975524,-93.22891007279908,-297.9760111124263,0.144866693764925,3498.5187781564664,1.9319413304328918,1.9320148229599
Model_A_weighted_lam0.001,Model_A,weighted,0.001,CMR,31.5092082357932,4.884040774241604,0.2956267928087681,35.02177869644508,16.74700406294494,10.029674652157029,-88.14832860470655,0.10516706522968079,1250.4370984090797,2.2502025961875916,2.254721164703369
Model_A_weighted_lam0.01,Model_A,weighted,0.01,CMR,60.84734026742628,10.061460448557723,0.2911563123479861,35.02177869644508,16.74700406294494,-73.74143328020814,-263.3326894692731,0.17024322185251448,6355.555889423866,1.76787668466568,1.7734102010726929
Model_A_weighted_lam0.1,Model_A,weighted,0.1,CMR,81.88831781488183,12.818647623803514,1.5989678993221041,35.02177869644508,16.74700406294494,-133.82112748943268,-388.9729381273099,0.13842105948262745,5014.7082731526925,1.977455347776413,1.9774565696716309
Model_A_weighted_lam1.0,Model_A,weighted,1.0,CMR,67.6405583025301,10.426745087962214,1.2959246345067008,35.02177869644508,16.74700406294494,-93.13855783514505,-303.8964703674622,0.11478802396191491,17181.51961639253,2.164666771888733,2.1646711826324463
Model_A_weighted_lam10.0,Model_A,weighted,10.0,CMR,66.5662112431104,11.206982949092586,0.9076448461622917,35.02177869644508,16.74700406294494,-90.07090365135358,-297.4813106446743,0.15371530254681903,13793.471483197824,1.8724689781665802,1.8730173110961914
Model_A_uniform_lam0.001,Model_A,uniform,0.001,CMR,206.8794007857152,35.85923188810779,1.9719647265958447,35.02177869644508,16.74700406294494,-490.7164298503054,-1135.3218522437962,0.4697263315320015,951.543166477551,0.7556051760911942,0.7562863230705261
Model_A_uniform_lam0.01,Model_A,uniform,0.01,CMR,55.779873080387055,7.318313337503142,0.2719827155715226,35.02177869644508,16.74700406294494,-59.27195921105242,-233.07374185098416,0.2003207877278328,5158.992069508266,1.6078363358974457,1.6102153062820435
Model_A_uniform_lam0.1,Model_A,uniform,0.1,CMR,120.31986026585025,20.633585888714038,1.3968032265488721,35.02177869644508,16.74700406294494,-243.5572513570347,-618.4560283953987,0.28074919432401657,9529.903022067327,1.2702935338020325,1.2702937126159668
Model_A_uniform_lam1.0,Model_A,uniform,1.0,CMR,389.3731007878095,69.63491549961786,0.3609781132697721,35.02177869644508,16.74700406294494,-1011.8027561156772,-2225.031386654711,0.5959257334470749,6693.8448199312315,0.517639234662056,0.5176393389701843
Model_A_uniform_lam10.0,Model_A,uniform,10.0,CMR,158.85138508783672,23.769812389815502,0.5893594533727087,35.02177869644508,16.74700406294494,-353.57886149843404,-848.536135124714,0.46853411942720413,28469.188203887632,0.7581463605165482,0.7581485509872437
Model_B_weighted_lam0.001,Model_B,weighted,0.001,CMR,22.9177490410223,3.8911548482647857,0.1478837281603301,35.02177869644508,16.74700406294494,34.56143607192462,-36.84685902555543,0.10587447136640549,1512.813063989642,2.2448081970214844,2.2476539611816406
Model_B_weighted_lam0.01,Model_B,weighted,0.01,CMR,51.19420229973645,6.34380816908659,0.17705362011558257,35.02177869644508,16.74700406294494,-46.17819027259449,-205.69170525855847,0.24224145710468292,4159.25438358484,1.4170355200767517,1.4187548160552979
Model_B_weighted_lam0.1,Model_B,weighted,0.1,CMR,81.33003663891971,13.77086716515896,1.5702818353066188,35.02177869644508,16.74700406294494,-132.22703033976737,-385.63931992393583,0.13744262109200162,11970.796497579391,1.984549731016159,1.9845539331436157
Model_B_weighted_lam1.0,Model_B,weighted,1.0,CMR,155.56209615081983,21.303419635107012,0.4282782330447091,35.02177869644508,16.74700406294494,-344.1867373418424,-828.8950761946877,0.4690195702844196,10984.29105605943,0.7571101784706116,0.757111668586731
Model_B_weighted_lam10.0,Model_B,weighted,10.0,CMR,112.00344986448722,17.843102266778253,0.9039263280191606,35.02177869644508,16.74700406294494,-219.81085494054656,-568.7969349234847,0.35630831619103753,3504.0795148654274,1.0319082736968994,1.0320276021957397
Model_B_uniform_lam0.001,Model_B,uniform,0.001,CMR,45.818200006159366,6.6138673540559925,1.0817081603432712,35.02177869644508,16.74700406294494,-30.82773551650072,-173.5904274815247,0.05134654976427555,1179.3055519620902,2.969157874584198,2.96992826461792
Model_B_uniform_lam0.01,Model_B,uniform,0.01,CMR,52.017056493616735,8.450308702527416,0.3347310102683219,35.02177869644508,16.74700406294494,-48.52774025123051,-210.60514643757483,0.18372951447963715,3647.5150315202454,1.6942920982837677,1.6964486837387085
Model_B_uniform_lam0.1,Model_B,uniform,0.1,CMR,20.16408020105754,2.930069275275834,0.15135950527939354,35.02177869644508,16.74700406294494,42.42416875558547,-20.404104072998678,0.08768672496080399,11087.76600059581,2.4339847564697266,2.4339873790740967
Model_B_uniform_lam1.0,Model_B,uniform,1.0,CMR,185.27244903923534,31.33904388909052,1.633814994679571,35.02177869644508,16.74700406294494,-429.0206720940807,-1006.3020486701633,0.47831055521965027,2986.06157440099,0.7374950647354126,0.7374953627586365
Model_B_uniform_lam10.0,Model_B,uniform,10.0,CMR,64.56748020561247,10.601686187184235,0.8474460092661215,35.02177869644508,16.74700406294494,-84.36379478397666,-285.54645334132897,0.1503787375986576,8063.955640723435,1.8945982456207275,1.8946994543075562
Model_C_weighted_lam0.001,Model_C,weighted,0.001,CMR,21.44421095590109,3.2863994849271085,0.18156436417642005,35.02177869644508,16.74700406294494,38.76892678190041,-28.048042953243034,0.08816197224789195,676.5367138652211,2.428348422050476,2.4291229248046875
Model_C_weighted_lam0.01,Model_C,weighted,0.01,CMR,27.10745364490053,4.486292889145887,0.21504694891649886,35.02177869644508,16.74700406294494,22.598295535309013,-61.8644955420983,0.1049950731297334,5958.551517807728,2.251765727996826,2.2583506107330322
Model_C_weighted_lam0.1,Model_C,weighted,0.1,CMR,84.3433496059141,13.916177595406964,1.5763390541108115,35.02177869644508,16.74700406294494,-140.8311420643962,-403.6324663737045,0.1472656097677019,4119.292346444265,1.9155206680297852,1.9155362844467163
Model_C_weighted_lam1.0,Model_C,weighted,1.0,CMR,55.35547036094284,8.10070750546062,1.768569430227067,35.02177869644508,16.74700406294494,-58.06013406898076,-230.53954100019877,0.05401823379927211,3035.5986785994396,2.918439507484436,2.9184670448303223
Model_C_weighted_lam10.0,Model_C,weighted,10.0,CMR,25.83480857403404,4.166055688386618,0.17292045354649585,35.02177869644508,16.74700406294494,26.232163140656173,-54.26525530734851,0.10900634278853734,2695.5430525402244,2.216265380382538,2.21645450592041
Model_C_uniform_lam0.001,Model_C,uniform,0.001,CMR,22.824096633080103,3.35985668905604,0.21875537400248057,35.02177869644508,16.74700406294494,34.82884798367799,-36.28764014921076,0.034164885990321636,1395.6655510857693,3.3765569925308228,3.377222776412964
Model_C_uniform_lam0.01,Model_C,uniform,0.01,CMR,13.660622996949577,2.1803681568390325,0.09962530562896321,35.02177869644508,16.74700406294494,60.993920053705864,18.42945194492671,0.07801902666687965,1345.7663304114694,2.550802528858185,2.5508227348327637
Model_C_uniform_lam0.1,Model_C,uniform,0.1,CMR,108.91070414291589,15.98473721597832,1.065469350812586,35.02177869644508,16.74700406294494,-210.9799336204788,-550.3294782372202,0.33262912929058075,4328.657489585956,1.1007271111011505,1.1007282733917236
Model_C_uniform_lam1.0,Model_C,uniform,1.0,CMR,22.517157163955684,3.0963759353791573,0.09569638074626173,35.02177869644508,16.74700406294494,35.705272541621916,-34.454837888157,0.11871874332427979,8914.596731914096,2.1309980750083923,2.131006956100464
Model_C_uniform_lam10.0,Model_C,uniform,10.0,CMR,17.887429454286252,2.515969788390164,0.09493713794141839,35.02177869644508,16.74700406294494,48.924840142108685,-6.8097277999989405,0.08302799612283707,3498.5187781564664,2.488577425479889,2.4888603687286377
Model_A_weighted_lam0.001,Model_A,weighted,0.001,ZAF,2901.299727025006,9.94863342472838,0.1731440080870149,1156.899222961546,830.1007914908432,-150.78240778811914,-249.51174083502968,0.3252458539274004,1250.4370984090797,1.1231613755226135,1.1240696907043457
Model_A_weighted_lam0.01,Model_A,weighted,0.01,ZAF,2364.432182498669,8.644357694496566,0.3686414322618794,1156.899222961546,830.1007914908432,-104.37667651344427,-184.83675798600308,0.24309338877598444,6355.555889423866,1.412430226802826,1.4160983562469482
Model_A_weighted_lam0.1,Model_A,weighted,0.1,ZAF,5311.345686565061,22.192444139321672,0.12001262218501661,1156.899222961546,830.1007914908432,-359.1018457915936,-539.8434673247327,0.4353042708502875,5014.7082731526925,0.8280979096889496,0.8366826772689819
Model_A_weighted_lam1.0,Model_A,weighted,1.0,ZAF,8874.55387185625,41.75950692601056,0.27345212121475443,1156.899222961546,830.1007914908432,-667.0982654079654,-969.093532114063,0.48947735130786896,17181.51961639253,0.7144168317317963,0.7144173383712769
Model_A_weighted_lam10.0,Model_A,weighted,10.0,ZAF,6601.830298845082,31.13606998104757,2.2409678692123833,1156.899222961546,830.1007914908432,-470.64869331877145,-695.3046625805929,0.36128746635384035,13793.471483197824,1.0180746614933014,1.0180914402008057
Model_A_uniform_lam0.001,Model_A,uniform,0.001,ZAF,817.8066375049821,3.513686884549979,0.21788243590956924,1156.899222961546,830.1007914908432,29.310468770868468,1.481043520483955,0.08177002519369125,951.543166477551,2.5038484930992126,2.506265163421631
Model_A_uniform_lam0.01,Model_A,uniform,0.01,ZAF,2669.6554586029392,10.8848647479065,0.4527737862613468,1156.899222961546,830.1007914908432,-130.75955153370137,-221.6061815587834,0.218373641371727,5158.992069508266,1.5215497314929962,1.5248020887374878
Model_A_uniform_lam0.1,Model_A,uniform,0.1,ZAF,4351.310657594552,18.17921667200738,0.9389808451645035,1156.899222961546,830.1007914908432,-276.1183836268498,-424.19064072685575,0.4133184403181076,9529.903022067327,0.8835379481315613,0.884837806224823
Model_A_uniform_lam1.0,Model_A,uniform,1.0,ZAF,4707.986220878542,17.4988940101415,0.33310228674519987,1156.899222961546,830.1007914908432,-306.9486889987331,-467.15838234813623,0.37145010381937027,6693.8448199312315,0.9903407394886017,0.99034184217453
Model_A_uniform_lam10.0,Model_A,uniform,10.0,ZAF,7206.248694493237,34.04691296164459,1.622252441772683,1156.899222961546,830.1007914908432,-522.8933818492818,-768.1173139891806,0.52533258497715,28469.188203887632,0.643723726272583,0.6437245011329651
Model_B_weighted_lam0.001,Model_B,weighted,0.001,ZAF,1141.3031416409515,5.041277239661008,0.33644806242465936,1156.899222961546,830.1007914908432,1.3480933352751432,-37.489706471812354,0.10915659740567206,1512.813063989642,2.2137343287467957,2.217113494873047
Model_B_weighted_lam0.01,Model_B,weighted,0.01,ZAF,2127.832698634885,9.49139707534106,0.8958146412006811,1156.899222961546,830.1007914908432,-83.92550158239771,-156.3342572910144,0.1494670535127322,4159.25438358484,1.8991238176822662,1.9037673473358154
Model_B_weighted_lam0.1,Model_B,weighted,0.1,ZAF,7203.4434086656975,31.224702833200435,0.9572028484318024,1156.899222961546,830.1007914908432,-522.65089868637,-767.7793687834543,0.5331701503859626,11970.796497579391,0.6289146989583969,0.6289147734642029
Model_B_weighted_lam1.0,Model_B,weighted,1.0,ZAF,14805.225576458182,70.61364516069713,0.2121857670710271,1156.899222961546,830.1007914908432,-1179.7333840849412,-1683.5455318465981,0.6783965528011322,10984.29105605943,0.38555340468883514,0.39125409722328186
Model_B_weighted_lam10.0,Model_B,weighted,10.0,ZAF,5146.302740025092,21.279643886067124,1.2700789826314907,1156.899222961546,830.1007914908432,-344.835871429758,-519.9611893855013,0.454085917936431,3504.0795148654274,0.7894532978534698,0.7894904017448425
Model_B_uniform_lam0.001,Model_B,uniform,0.001,ZAF,846.9291312498495,3.6319977866317035,0.2767662721206489,1156.899222961546,830.1007914908432,26.793180041923108,-2.0272646323807244,0.07234352082014084,1179.3055519620902,2.6263298392295837,2.627445936203003
Model_B_uniform_lam0.01,Model_B,uniform,0.01,ZAF,2352.089496661599,10.255945464208633,0.2392252024162007,1156.899222961546,830.1007914908432,-103.30980002220811,-183.349867964503,0.18942667543888092,3647.5150315202454,1.6637532711029053,1.6637548208236694
Model_B_uniform_lam0.1,Model_B,uniform,0.1,ZAF,5142.580078443318,21.72563547400717,0.27285955607057594,1156.899222961546,830.1007914908432,-344.5140921850417,-519.512730400769,0.4001050293445587,11087.76600059581,0.9160282760858536,0.9167363047599792
Model_B_uniform_lam1.0,Model_B,uniform,1.0,ZAF,5447.179098772664,25.77793266872412,2.1075113600346147,1156.899222961546,830.1007914908432,-370.84300781432205,-556.2069515666461,0.28944987803697586,2986.06157440099,1.239773154258728,1.2397735118865967
Model_B_uniform_lam10.0,Model_B,uniform,10.0,ZAF,15374.866093389706,72.885459351127,0.1841672573585766,1156.899222961546,830.1007914908432,-1228.971943989347,-1752.1685861516619,0.7369266301393509,8063.955640723435,0.30526693165302277,0.305267333984375
Model_C_weighted_lam0.001,Model_C,weighted,0.001,ZAF,835.7228258178503,3.2176901680390064,0.2955495480280748,1156.899222961546,830.1007914908432,27.761830137763972,-0.6772712885756977,0.07013632398512627,676.5367138652211,2.6563583612442017,2.658803939819336
Model_C_weighted_lam0.01,Model_C,weighted,0.01,ZAF,2052.4156317049124,8.892578527724543,2.047988944737237,1156.899222961546,830.1007914908432,-77.40660473873724,-147.24896696205022,0.05864000341130628,5958.551517807728,2.8363457918167114,2.8363771438598633
Model_C_weighted_lam0.1,Model_C,weighted,0.1,ZAF,4322.385345329181,18.070060077155226,1.4538403866303569,1156.899222961546,830.1007914908432,-273.6181388612491,-420.70608649417983,0.30723078548908234,4119.292346444265,1.1801572740077972,1.1801626682281494
Model_C_weighted_lam1.0,Model_C,weighted,1.0,ZAF,3323.418121574518,15.842789754469294,0.22734489126457189,1156.899222961546,830.1007914908432,-187.26945749577916,-300.3632035581764,0.21629581517643398,3035.5986785994396,1.531109780073166,1.5311146974563599
Model_C_weighted_lam10.0,Model_C,weighted,10.0,ZAF,1351.263947807941,5.703584360935599,0.37738865275243594,1156.899222961546,830.1007914908432,-16.800488840232834,-62.78311762371649,0.12338645507891972,2695.5430525402244,2.092380166053772,2.092642307281494
Model_C_uniform_lam0.001,Model_C,uniform,0.001,ZAF,1088.7464333432713,4.74140062751975,0.33231446150615335,1156.899222961546,830.1007914908432,5.890987586957696,-31.158341794603768,0.09803395718336105,1395.6655510857693,2.3224413990974426,2.3228111267089844
Model_C_uniform_lam0.01,Model_C,uniform,0.01,ZAF,1403.852653264176,5.507614400697191,0.3340790563696537,1156.899222961546,830.1007914908432,-21.34614886078444,-69.11833691218229,0.14627275988459587,1345.7663304114694,1.9222822189331055,1.9226820468902588
Model_C_uniform_lam0.1,Model_C,uniform,0.1,ZAF,4728.384080398386,22.27399621824603,0.2733570521618291,1156.899222961546,830.1007914908432,-308.7118382095717,-469.61565738376294,0.30000363290309906,4328.657489585956,1.2039606869220734,1.2041640281677246
Model_C_uniform_lam1.0,Model_C,uniform,1.0,ZAF,6675.781539989537,31.920271635100413,0.3332077636058956,1156.899222961546,830.1007914908432,-477.0408871829135,-704.2133688368103,0.3373423367738724,8914.596731914096,1.0866570174694061,1.0866584777832031
Model_C_uniform_lam10.0,Model_C,uniform,10.0,ZAF,1321.369775227516,5.288277122649208,0.3369258302842315,1156.899222961546,830.1007914908432,-14.216497772808747,-59.1818474060679,0.12286119721829891,3498.5187781564664,2.096700072288513,2.097034454345703
