Year,Month,Consumption_GWh
1991,January,12435.0
1991,February,11475.0
1991,March,12702.0
1991,April,12532.0
1991,May,13128.0
1991,June,13511.0
1991,July,14164.0
1991,August,13914.0
1991,September,12695.0
1991,October,13079.0
1991,November,12344.0
1991,December,11797.0
1992,January,12354.0
1992,February,11881.0
1992,March,12605.0
1992,April,12085.0
1992,May,12985.0
1992,June,13451.0
1992,July,14029.0
1992,August,13748.0
1992,September,12806.0
1992,October,13245.0
1992,November,12615.0
1992,December,12279.0
1993,January,12753.0
1993,February,11798.0
1993,March,13231.0
1993,April,12583.0
1993,May,13435.0
1993,June,14093.0
1993,July,14535.0
1993,August,14212.0
1993,September,13395.0
1993,October,13506.0
1993,November,13119.0
1993,December,12845.0
1994,January,13176.0
1994,February,12294.0
1994,March,13593.0
1994,April,12723.0
1994,May,13892.0
1994,June,14629.0
1994,July,15255.0
1994,August,14893.0
1994,September,13719.0
1994,October,14018.0
1994,November,13752.0
1994,December,13366.0
1995,January,13782.0
1995,February,12858.0
1995,March,14145.0
1995,April,13350.0
1995,May,14687.0
1995,June,14998.0
1995,July,15440.0
1995,August,14994.0
1995,September,13939.0
1995,October,14306.0
1995,November,14070.0
1995,December,13534.0
1996,January,14155.0
1996,February,13710.0
1996,March,14361.0
1996,April,14006.0
1996,May,15315.0
1996,June,15325.0
1996,July,16862.0
1996,August,16151.0
1996,September,14698.0
1996,October,15356.0
1996,November,14792.0
1996,December,14207.0
1997,January,15009.0
1997,February,14088.0
1997,March,15155.0
1997,April,15247.0
1997,May,16423.0
1997,June,16474.0
1997,July,17187.0
1997,August,16303.0
1997,September,15503.0
1997,October,16005.0
1997,November,15235.0
1997,December,14878.0
1998,January,15403.0
1998,February,14459.0
1998,March,15714.0
1998,April,14923.0
1998,May,16261.0
1998,June,16280.0
1998,July,16867.0
1998,August,16417.0
1998,September,15536.0
1998,October,15957.0
1998,November,15136.0
1998,December,14563.0
1999,January,15153.0
1999,February,14360.0
1999,March,15791.0
1999,April,15063.0
1999,May,16327.0
1999,June,16393.0
1999,July,17051.0
1999,August,16708.0
1999,September,15937.0
1999,October,16322.0
1999,November,15831.0
1999,December,15184.0
2000,January,15512.0
2000,February,15224.0
2000,March,16225.0
2000,April,15399.0
2000,May,17064.0
2000,June,16818.0
2000,July,17759.0
2000,August,17214.0
2000,September,16180.0
2000,October,16709.0
2000,November,16161.0
2000,December,15395.0
2001,January,16064.0
2001,February,14871.0
2001,March,16320.0
2001,April,15515.0
2001,May,16929.0
2001,June,16788.0
2001,July,18021.0
2001,August,17300.0
2001,September,16277.0
2001,October,16794.0
2001,November,15960.0
2001,December,15224.0
2002,January,16191.0
2002,February,15215.0
2002,March,16552.0
2002,April,16362.0
2002,May,17852.0
2002,June,18017.0
2002,July,18956.0
2002,August,18064.0
2002,September,17125.0
2002,October,17741.0
2002,November,17233.0
2002,December,16712.0
2003,January,17095.0
2003,February,16168.0
2003,March,17655.0
2003,April,16905.0
2003,May,18159.0
2003,June,18330.0
2003,July,19183.0
2003,August,18714.0
2003,September,17526.0
2003,October,18480.0
2003,November,17790.0
2003,December,17456.0
2004,January,17850.0
2004,February,17277.0
2004,March,18476.0
2004,April,17524.0
2004,May,18909.0
2004,June,19337.0
2004,July,20156.0
2004,August,19265.0
2004,September,18362.0
2004,October,18714.0
2004,November,18314.0
2004,December,17754.0
2005,January,18149.0
2005,February,17169.0
2005,March,18487.0
2005,April,18132.0
2005,May,19224.0
2005,June,18983.0
2005,July,19657.0
2005,August,19191.0
2005,September,18383.0
2005,October,19127.0
2005,November,18523.0
2005,December,18230.0
2006,January,18603.0
2006,February,17396.0
2006,March,18982.0
2006,April,18122.0
2006,May,20312.0
2006,June,20166.0
2006,July,20632.0
2006,August,20307.0
2006,September,18987.0
2006,October,19663.0
2006,November,19244.0
2006,December,18909.0
2007,January,19561.0
2007,February,18301.0
2007,March,20160.0
2007,April,18982.0
2007,May,20901.0
2007,June,21020.0
2007,July,21780.0
2007,August,21353.0
2007,September,19732.0
2007,October,20435.0
2007,November,19785.0
2007,December,19160.0
2008,January,19256.0
2008,February,18668.0
2008,March,19603.0
2008,April,19127.0
2008,May,20365.0
2008,June,20515.0
2008,July,21610.0
2008,August,20736.0
2008,September,19725.0
2008,October,20138.0
2008,November,18640.0
2008,December,17541.0
2009,January,17919.0
2009,February,16757.0
2009,March,18694.0
2009,April,17934.0
2009,May,19548.0
2009,June,19819.0
2009,July,21151.0
2009,August,20398.0
2009,September,19382.0
2009,October,19899.0
2009,November,19248.0
2009,December,18850.0
2010,January,19668.22266315407
2010,February,18767.280780845238
2010,March,21203.662680822672
2010,April,20654.220661558484
2010,May,22000.59210337324
2010,June,22468.731072374234
2010,July,23052.76294705904
2010,August,22217.57038462237
2010,September,21020.598654092286
2010,October,21470.922898857872
2010,November,21000.0
2010,December,19623.632819857754
2011,January,20555.33587418101
2011,February,19461.848010322632
2011,March,21698.898465926315
2011,April,20689.86784390518
2011,May,22183.94113337726
2011,June,22164.19977269401
2011,July,22429.610287499105
2011,August,21853.09645842332
2011,September,20795.745113522193
2011,October,21409.697329600953
2011,November,20948.699688618843
2011,December,20340.304961865015
2012,January,20856.54385679109
2012,February,19909.973075595564
2012,March,20800.376749521587
2012,April,19573.958625581072
2012,May,21061.139335512646
2012,June,21490.43969534061
2012,July,21987.579859940975
2012,August,21565.69993827492
2012,September,20245.999973962353
2012,October,20577.779988108803
2012,November,20591.559994653366
2012,December,19563.35999771756
2013,January,19991.599998951984
2013,February,18542.579999563226
2013,March,20354.119999784572
2013,April,19887.71999990542
2013,May,21190.45999995472
2013,June,21486.19999997937
2013,July,22386.13999999034
2013,August,21930.339999995747
2013,September,20427.25999999822
2013,October,20982.69999999918
2013,November,20123.039999999648
2013,December,19856.979999999843
2014,January,20624.41999999993
2014,February,18992.019999999968
2014,March,20579.899999999983
2014,April,20028.699999999993
2014,May,21101.42
2014,June,21084.459999999995
2014,July,21900.66
2014,August,21468.18
2014,September,20593.68
2014,October,21068.56
2014,November,20249.18
2014,December,19851.68
2015,January,20630.780000000002
2015,February,19109.68
2015,March,21158.66
2015,April,19828.36
2015,May,20755.86
2015,June,20944.54
2015,July,21543.440000000002
2015,August,20309.600000000002
2015,September,19829.420000000002
2015,October,20503.58
2015,November,19755.22
